{"cameraMode":{"drawMode":0,"name":"Shaded","section":"Shading Mode"},"sceneLighting":false,"audioPlay":false,"sceneViewState":{"m_AlwaysRefresh":false,"showFog":true,"showSkybox":false,"showFlares":true,"showImageEffects":true,"showParticleSystems":true,"showVisualEffectGraphs":true,"m_FxEnabled":true},"in2DMode":false,"pivot":{"x":8.363659858703614,"y":0.937999963760376,"z":-0.002301335334777832},"rotation":{"x":-0.5027388334274292,"y":0.010888571850955487,"z":-0.006333576049655676,"w":-0.8643475770950317},"size":1.740754246711731,"orthographic":false}